id,source,title,organization,url,description,publication_date,closing_date,fit_score,reasoning,matched_services
93,merx,"227745 - Risk Assessment and Resilience Planning Project","Regional District of Mount Waddington",https://www.merx.com/public/supplier/interception/view-notice/443972001734?origin=0,"Vancouver Island North Tourism (VINT) is seeking qualified consulting firms or teams to conduct a Risk Assessment and Resilience Planning Project to strengthen the region’s tourism sector against climate, operational, and reputational risks. Northern Vancouver Island is experiencing increasing macro-economic and climate-related disruptions— including resource policy changes, trade barriers, workforce pressures, wildfire, extreme weather, sea-level rise, and infrastructure vulnerabilities VINT aims to proactively assess these risks and develop practical, place-based adaptation strategies that support long-term investment decisions, market competitiveness, visitor experience, reconciliation, and community wellbeing. Recent events and trends highlight the urgency of resilience planning: • Increasing wildfire activity and related economic impacts. • Labour market constraints in multiple sectors across the North Island. • Evolving policy and economic frameworks. • Infrastructure investment priorities identified in the North Island Destination Development Strategy. • Provincial and national calls for local leadership in climate adaptation (e.g., Destination BC Climate Action Plan, National Adaptation Strategy). VINT seeks a resilience strategy that acknowledges existing tourism marketing and economic development plans and provides a deeper layer of risk management and adaptive planning. This RFP invites proponents with expertise in climate risk assessment, tourism resilience, destination development, and stakeholder engagement to submit proposals that will, within the context of the tourism sector: • Assess economic, climate, operational, and reputational risks affecting the Vancouver Island North visitor economy. • Identify vulnerabilities across tourism infrastructure, transportation access, workforce capacity, and community systems. • Develop strategic, actionable adaptation recommendations that support future-proof tourism development, marketing, and investment decisions. • Support alignment with provincial and federal climate adaptation frameworks. • Strengthen regional reconciliation and collaboration, including engagement with Indigenous Nations, municipalities, and tourism operators See more",2026-04-16,2026-05-08,3,"Fit assessed as High under Guideline #1A because the opportunity involves Indigenous engagement and reconciliation in the context of resilience planning, which aligns with ICE's core services in Indigenous Facilitation & Multistakeholder Engagement and Environmental & Socio-Economic Impact Assessments.","[""Indigenous Facilitation & Multistakeholder Engagement"", ""Environmental & Socio-Economic Impact Assessments""]"
111,merx,"227958 - Consultant, Corporate Charter Formalization","Westbank First Nation",https://www.merx.com/public/supplier/interception/view-notice/443970516655?origin=0,"Westbank First Nation (WFN) is seeking qualified Consulting firms to bid on formalizing and modernizing the Corporate Charter between WFN and Ntityix Development Corporation (Ntityix). See more",2026-04-15,2026-05-05,3,"Fit assessed as High under Guideline #1A because the opportunity involves formalizing a corporate charter between an Indigenous Nation and a development corporation, directly relating to Indigenous Participation Plans and Business Advisory Services with explicit Indigenous engagement keywords such as Westbank First Nation.","[""Indigenous Participation Plans"", ""Business Advisory Services""]"
142,merx,"227809 - Language Exhibition Design","Metis Nation BC",https://www.merx.com/public/supplier/interception/view-notice/443968635896?origin=0,"Métis Nation British Columbia is seeking professional services to design and help install a Michif languages exhibition at the Amelia Douglas Institute. See more",2026-04-14,2026-04-24,3,"Fit assessed as High under Guideline #1A because the opportunity involves Indigenous language exhibition design for the Métis Nation, directly aligning with Indigenous community engagement and cultural preservation services.","[""Comprehensive Community Planning"", ""Indigenous Facilitation & Multistakeholder Engagement""]"
151,merx,"227869 - Regional Tourism Strategy 2026","Regional District of Bulkley-Nechako",https://www.merx.com/public/supplier/interception/view-notice/443968594870?origin=0,"The Regional District of Bulkley-Nechako (the Regional District) is seeking proposals from qualified consulting firms with demonstrated knowledge and experience to develop a new Regional Tourism Strategy. The current RDBN Tourism Plan was completed in 2010 and has been fully implemented. The RDBN Tourism Strategy will be an iterative, strategic document designed to establish a shared vision for tourism across the region. It will outline clear goals, objectives, and actions to support that vision and will be developed collaboratively with tourism operators, Indigenous communities, the public, and local government. Once finalized, the strategy will be endorsed by the Regional District Board of Directors and will guide future tourism-related initiatives and the allocation of RDBN resources. The Regional District would like to achieve the following goals through this project: Update high-level, baseline data and information on the tourism sector in the RDBN. Engage stakeholders to renew a shared vision for tourism in the RDBN and build on the work completed under the 2010 Tourism Plan. Recommend priorities and actions that reflect current trends, opportunities, and stakeholder perspectives. Develop a detailed five-year action and implementation plan to support identified priorities. The RDBN intends this project to be delivered through a collaborative partnership between the Consultant and staff. Staff will play an active and hands-on role throughout the project, including contributing to research, coordinating logistics, supporting data collection, and co-developing engagement activities and strategy content. Proponents should structure their proposed approach to reflect a highly collaborative working relationship, with regular working sessions and shared responsibilities between the Consultant and staff. See more",2026-04-14,2026-05-28,3,"Fit assessed as High under Guideline #1A because the opportunity involves Indigenous communities engagement explicitly and aligns with ICE's core service of Comprehensive Community Planning through collaborative strategic planning with Indigenous stakeholders.","[""Comprehensive Community Planning"", ""Engagement and Consultation Plans""]"
154,merx,"227882 - RP2026-013_RFP_Stewardship Plan Development and Agency/Interest-holder Engagement","Capital Regional District",https://www.merx.com/public/supplier/interception/view-notice/443968566060?origin=0,"The Capital Regional District (CRD) is seeking proposals for an experienced proponent to develop a Regional Parks Stewardship Plan and lead agency/interest-holder engagement on the draft plan concepts. The Stewardship Plan will establish a comprehensive, systemwide policy framework that brings together conservation, recreation (visitor experience), and First Nations cultural and traditional values to guide the long-term stewardship of CRD regional parks. See more",2026-04-14,2026-05-20,3,"Fit assessed as High under Guideline #1A because the opportunity directly matches the Land Use Planning core service and includes explicit Indigenous engagement keywords such as 'First Nations cultural and traditional values' and 'agency/interest-holder engagement'.","[""Land Use Planning"", ""Indigenous Facilitation & Multistakeholder Engagement""]"
451,bidsandtenders,"Development of Child Care Centre","Métis Nation of Ontario",https://metisnationontario.bidsandtenders.ca/Module/Tenders/en/Tender/Detail/0a115f82-5df1-4450-9471-0beebd19d8a4,"The MNO is undertaking the development of a licensed child care centre in Thunder Bay, Ontario, as part of its broader strategy to expand early learning and child care services. The project involves the renovation and adaptation of an existing facility to support a culturally appropriate, safe, and fully licensed child care environment.",2026-04-17,2026-05-15,3,"Fit assessed as High under Guideline #1A because the project involves Indigenous community development (Métis Nation of Ontario) and culturally appropriate child care services, aligning with ICE's core services in Comprehensive Community Planning and Indigenous Participation Plans with explicit Indigenous engagement triggers.","[""Comprehensive Community Planning"", ""Indigenous Participation Plans""]"
706,merx,"FUEL CWRP 2026 - Fuel Management Prescription Development CWRP 2026","City Of Quesnel",https://www.merx.com/public/supplier/interception/view-notice/443977659057?origin=0,"The City of Quesnel Forestry Initiatives Program is seeking proposals for the following work: • Prescription development on: Demo 2 Dragon Lake Elementary, Demo 3 Aspen Heights, FTU 5 West Quesnel Uplands, FTU 6 Baker Drive SW, FTU 10 Quesnel Landfill, FTU 11 Dragon Hill Road, FTU 13 Quesnel Cemetery, FTU 15 Blackwater • The total area for assessing is 59.62 hectares as identified in the 2025 City of Quesnel Community Wildfire Resilience Plan. Treatment area size in the final prescriptions may be smaller. • The prescriptions need to be drafted on the required BCWS template. Production of operational scale maps and the required 2017 spatial and meta data will also be required. • All associated: archeology, First Nations info sharing and consultation, and public engangement. • All obligations of peer-review between MOF and BCWS staff to get the precriptions to final and sealed status. The Contractor shall provide all necessary materials, equipment, labour, and supervision to accomplish prescriptions on 8 fuel treatment units as determined on maps attached to this invitation to tender. See more",2026-04-20,2026-05-04,3,"Fit assessed as High under Guideline #1A because the opportunity involves Indigenous consultation and engagement as part of fuel management prescription development, directly matching ICE's core services in Engagement and Consultation Plans and Land Use Planning with explicit Indigenous and community engagement triggers.","[""Engagement and Consultation Plans"", ""Land Use Planning""]"
767,canadabuys,"Independent Review of Article 23 of the Nunavut Agreement","Department of Indigenous Services (ISC)",https://canadabuys.canada.ca/en/tender-opportunities/tender-notice/cb-69-4855437,"April 23, 2026 The following documents have been posted under the Bidding Details tab: 1000247031A_Q&A_Q&R 1-15 1000247031A_Amendment 3 to RFP_Modification 3 à la DDP ******************************************************************************************************************** April 23, 2026 The following document has been posted under the Bidding Details tab: 1000247031A_Q&A_Q&R 1-13 ******************************************************************************************************************** April 21, 2026 The following documents have been posted under the Bidding Details tab: 1000247031A_Q&A_Q&R 1-11 1000247031A_Annex Inuit Benefits Plan ******************************************************************************************************************** April 16, 2026 The following documents have been posted under the Bidding Details tab: 1000247031A_Amendment 2 to RFP_Modification 2 à la DDP 1000247031A_Q&A_Q&R 1-9 ******************************************************************************************************************** April 1, 2026 The following documents have been posted under the Bidding Details tab: 1000247031A_Amendment 1 to RFP_Modification 1 à la DDP 1000247031A_Q&A_Q&R 1-2 ******************************************************************************************************************** Reissue of Solicitation of Offers. This solicitation of offers cancels and supersedes previous solicitation of offers number 1000247031 dated December 9, 2025 with a closing of January 15, 2026 at 2:00 PM EST. This requirement is for: the Department of Crown-Indigenous Relations and Northern Affairs Canada (CIRNAC) This procurement is subject to the Directive on Government Contracts, Including Real Property Leases, in the Nunavut Settlement Area: https://www.tbs-sct.canada.ca/pol/doc-eng.aspx?id=32610 Description of the Requirement: The Department of Crown-Indigenous Relations and Northern Affairs Canada (CIRNAC) has a requirement for the independent review of Article 23 of the Nunavut Agreement. The review will consist of a detailed analysis and assessment of Inuit Employment Plans and other measures taken under Article 23 covering the period of 2016 to 2023. The Contractor is expected to produce a written report, which should include a detailed analysis and assessment of actions taken by Government and Inuit to implement Article 23 between 2016 and 2023. This report will be used to guide the Nunavut Implementation Panel to develop recommendations to the parties about how best to improve implementation efforts going forward. Level of Security Requirement: There are security requirements associated with this procurement, see request for proposal document under the bidding details tab. Proposed period of contract: The proposed period of contract shall be from contract award to March 31, 2027 with the option to extend by up to one 6-month period. Payment: The maximum budget for the payment of the milestone deliverables is $225,000.00 (excluding taxes and any possible payments for travel).",2026-03-17,2026-05-11,3,"Fit assessed as High under Guideline #1A because the opportunity involves an Indigenous Employment Plan review and detailed analysis related to Inuit, which directly matches the Indigenous Participation Plans core service and includes explicit Indigenous engagement keywords.","[""Indigenous Participation Plans (IPPs)""]"
775,canadabuys,"Northern Controlled Environment Agriculture Unit: Co-Design Study","Canadian Space Agency (CSA)",https://canadabuys.canada.ca/en/tender-opportunities/tender-notice/cb-339-84040828,"The CSA seeks to contract a multidisciplinary team that brings together a Canadian Controlled Environment Agriculture (CEA) specialized organization and an Inuit firm based in Nunavut. The objective of this contract is to co-develop a conceptual design—including technical drawings (CAD models) and a detailed report—for a deployable CEA unit that meets specific technical, environmental, and Inuit cultural requirements. This work is intended to support the potential future integration of a CEA unit prototype into an Inuit-led initiative aimed at improving local food security in Nunavut. Additionally, the Contractor is expected to go beyond existing solutions by advancing the design through the conceptual integration of mature and near-ready technologies into a novel deployable CEA unit. To meet the CSA space mandate, the contractor must develop new or improve components and subsystems, and tailor them to unprecedented environmental and cultural requirements. The resulting design will inform future CSA activities in both terrestrial and space contexts, addressing food accessibility in Northern communities on Earth while advancing food production capabilities for long-duration space missions. This solicitation has an Inuit Benefits Plan component to it that is included in the basis of selection for contract award. This solicitation is NOT limited to businesses listed on the Inuit Firms Registry.",2026-02-18,2026-05-01,3,"Fit assessed as High under Guideline #1A because the opportunity involves Indigenous engagement with Inuit communities and includes an Inuit Benefits Plan, aligning with ICE's core services and key differentiators.","[""Indigenous Participation Plans (IPPs)"", ""Comprehensive Community Planning (CCPs)"", ""Capacity Building and Training""]"
762,canadabuys,"Request for Information (RFI) Syndicated Research Studies","Department of Public Works and Government Services (PSPC)",https://canadabuys.canada.ca/en/tender-opportunities/tender-notice/ws4300459433-doc4308247078,"In its search for the most economical means of accessing research on its priority issues, the Government of Canada (GC) is looking for syndicated public opinion research studies that could address its research needs. On behalf of the GC, the Public Opinion Research Directorate is seeking detailed information through a Request for Information (RFI) on the studies that are available for purchase with a government-wide subscription. Please note that only studies offering a government-wide subscription will be considered.",2023-11-16,2027-03-31,3,"Fit assessed as High under Guideline #1A because the opportunity involves syndicated research studies which align with the Social Research and Data Collection core service, and it is for the Government of Canada which implies Indigenous-related public opinion research needs.","[""Social Research and Data Collection""]"
149,merx,"227864 - Regional Economic Development Plan Update","Regional District of Bulkley-Nechako",https://www.merx.com/public/supplier/interception/view-notice/443968594878?origin=0,"The Regional District of Bulkley-Nechako (the Regional District) is seeking proposals from qualified consulting firms to undertake the development of a comprehensive Economic Development Strategy to guide sustainable economic growth across the region from 2026 to 2030. This Strategy will provide a clear, actionable roadmap to strengthen the regional economy, enhance competitiveness, and support resilient communities. Building on previous planning work, the Strategy will reflect current economic conditions, emerging opportunities, and the unique strengths of the region, including its natural resources, strategic location, and diverse communities. The Strategy will be developed through a collaborative and inclusive process, engaging municipalities, electoral areas, First Nations, businesses, industry groups, and residents. It will identify priority sectors, address workforce and infrastructure challenges, and outline practical actions to support business development, investment attraction, and community vitality. The final document will include measurable outcomes and an implementation framework to ensure the Strategy is both practical and effective in supporting long-term economic prosperity. The Regional District intends this project to be delivered through a collaborative partnership between the Consultant and staff. Staff will play an active and hands-on role throughout the project, including contributing to research, coordinating logistics, supporting data collection, and co-developing engagement activities and strategy content. Proponents should structure their proposed approach to reflect a highly collaborative working relationship, with regular working sessions and shared responsibilities between the Consultant and staff. The Regional District is posting this Request for Proposal (RFP) concurrently with an RFP for the RDBN Tourism Strategy. The Regional District encourages proponents to submit proposals to complete the Economic Development Plan Update and the Regional Tourism Strategy simultaneously in a manner that maximizes opportunities for project efficiency and cost savings. See more",2026-04-14,2026-05-28,2,"Fit assessed as Medium under Guideline #2 because the opportunity is a broad, strategic economic development plan involving First Nations engagement and community collaboration, which aligns with ICE's focus on comprehensive community planning and Indigenous participation, though it is not a direct match to a specific core service.","[""Comprehensive Community Planning"", ""Indigenous Participation Plans""]"
455,bidsandtenders,"Request for Proposal for Facilities and Strategic Plan (County of Brant Public Library)","County of Brant",https://brant.bidsandtenders.ca/Module/Tenders/en/Tender/Detail/23b133a9-e005-4c02-a427-025ad0d15d84,"The County of Brant Public Library is issuing this Request for Proposal for Consultants for professional services to undertake the development of a Facilities Plan and a Strategic Plan as described in the document.",2026-04-21,2026-05-15,2,"Fit assessed as Medium under Guideline #2 because the opportunity involves a broad, strategic plan with potential community impact, aligning with ICE's expertise in Comprehensive Community Planning despite no explicit Indigenous engagement keywords.","[""Comprehensive Community Planning (CCPs)""]"
457,bidsandtenders,"Consulting Services for Acton Downtown/Major Transit Station Area Secondary Plan","Town of Halton Hills",https://haltonhills.bidsandtenders.ca/Module/Tenders/en/Tender/Detail/fe2a6042-f6e9-4815-a560-2a48c24749e7,"The Town of Halton Hills is seeking an experienced and qualified consultant team to prepare the Acton Downtown/Major Transit Station Area Secondary Plan, which will formulate recommendations for a Preferred Land Use Plan and provide direction regarding tools such as a proposed policy framework to manage potential growth in the area. With the current Provincial direction for municipalities to build more homes faster, it is imperative that the Town evaluates opportunities for potential growth within the Acton Downtown and Major Transit Station Area with a focus on mature neighbourhood character protection and enhancement, while providing a variety of housing choices and amenities to residents in the area. All Proponents shall have a Bidding System vendor account and be registered as a plan taker at https://haltonhills.bidsandtenders.ca for this RFP, which will enable the Proponent to download the RFP, to receive addenda/addendum email notifications, download addenda and to submit their Proposal electronically through the Bidding System.",2026-04-20,2026-05-15,2,"Fit assessed as Medium under Guideline #2 due to the opportunity being a broad, strategic land use plan with high community impact, which aligns with ICE's expertise in Land Use Planning and Comprehensive Community Planning, despite no explicit Indigenous engagement keywords.","[""Land Use Planning"", ""Comprehensive Community Planning""]"
650,merx,"BNS-2627-0017 - RFP for Former Chignecto and Maccan Mine Site Phase I/II","Build Nova Scotia",https://www.merx.com/public/supplier/interception/view-notice/443981033265?origin=0,"This Request for Proposals (the “RFP”) is an invitation by Build Nova Scotia (“BNS”) to prospective proponents to submit proposals for BNS-2627-0017 Former Chignecto and Maccan Mine Site Phase I/II ESA. BNS is seeking the services of a consultant with experienced and qualified site professionals, senior environmental experts, and field personnel to conduct environmental investigations of the former Chignecto and Maccan coal mines, in order to provide Phase I/II ESA reports and a Class D remediation estimate for the Crown Land Property. See more",2026-04-22,2026-05-08,2,"Fit assessed as Medium under Guideline #1B because the opportunity involves Environmental & Socio-Economic Impact Assessments, a core service with a naturally high community and land impact, although no explicit Indigenous engagement keywords were found.","[""Environmental & Socio-Economic Impact Assessments""]"
656,merx,"Village of Boyle - Athabasca County Intermunicipal Development Plan and Intermunicipal Collaboration Framework Review and Update Village of Boyle Alberta","Village of Boyle",https://www.merx.com/public/supplier/interception/view-notice/443980845336?origin=0,"The Village of Boyle & Athabasca County as partnering municipalities, require a consultant or consortium of consultants in the land use planning and engineering fields to submit a proposal to primarily develop an IDP The optional secondary objective of this Request for Proposal is for the proponent to update the current ICF to meet all current legislative requirements. See more",2026-04-22,2026-05-22,2,"Fit assessed as Medium under Guideline #1B because the opportunity involves land use planning, a core service of ICE with inherent community and land impact, although no explicit Indigenous or engagement keywords were found.","[""Land Use Planning""]"
680,merx,"AB-2026-03111 - Public Engagement and Planning Services for the Chestermere-Calgary Intermunicipal Development Plan","City of Chestermere",https://www.merx.com/public/supplier/interception/view-notice/443979315263?origin=0,"The City of Chestermere and the City of Calgary are jointly updating the Chestermere–Calgary Intermunicipal Development Plan to address growth pressures, regional priorities, and Ministerial Order 025/25, expanding its scope beyond the existing boundary focus. The project will be supported by two separate consultant roles, an Engagement Consultant focused solely on public and stakeholder engagement, and a Planning Advisor providing as-needed technical planning and policy advice, with final decision making retained by the municipalities under established intermunicipal governance. See more",2026-04-21,2026-05-20,2,"Fit assessed as Medium under Guideline #2 because the opportunity involves a broad, strategic intermunicipal development plan with high community impact and public engagement, which aligns with ICE's expertise in engagement and planning, despite no explicit Indigenous focus mentioned.","[""Indigenous Facilitation & Multistakeholder Engagement"", ""Comprehensive Community Planning""]"
709,merx,"Community Improvement Plan (CIP) Consulting Services The Corporation of the Township of Pickle Lake Canada 5 day(s) left","The Corporation of the Township of Pickle Lake",https://www.merx.com/public/supplier/interception/view-notice/443977421994?origin=0,"The Township of Pickle Lake invites proposals from qualified planning and consulting firms to prepare a Community Improvement Plan (CIP) in accordance with Section 28 of the Planning Act. The CIP will focus on enhancing the local economy and tourism while supporting business development, housing growth, and strategic investment. Pickle Lake is a vibrant northern community with a rich history, strong sense of place, and exceptional natural surroundings, serving as a regional hub for surrounding First Nations communities, resource industries, tourism, and northern services. The proposed CIP is intended to provide incentives for business development and expansion, encourage complementary enterprises, strengthen tourism opportunities, and leverage partnerships with funding agencies and other levels of government. The Plan will complement existing businesses, align with municipal and provincial priorities, and provide practical tools to drive sustainable economic development and community revitalization. See more",2026-04-20,2026-04-30,2,"Fit assessed as Medium under Guideline #2 because the opportunity is a broad, strategic community improvement plan with high community impact and involves a regional hub serving First Nations communities, indicating potential for Indigenous engagement even though it is not explicitly stated.","[""Comprehensive Community Planning""]"
855,canadabuys,"Village of Boyle - Request for Proposal - Village of Boyle - Athabasca County Intermunicipal Development Plan and Intermunicipal Collaboration Framework Review and Update","Village of Boyle",https://canadabuys.canada.ca/en/tender-opportunities/tender-notice/ab-2026-03127,"The Village of Boyle & Athabasca County as partnering municipalities, require a consultant or consortium of consultants in the land use planning and engineering fields to submit a proposal to primarily develop an IDP, which will meet the objectives outlined in this Request for Proposal and current legislation. The optional secondary objective of this Request for Proposal is for the proponent to update the current ICF to meet all current legislative requirements.",2026-04-21,2026-05-22,2,"Fit assessed as Medium under Guideline #2 because the project involves a broad, strategic land use planning initiative with potential for Indigenous community engagement, although it is not explicitly Indigenous-centered or a direct match to ICE's core services.","[""Land Use Planning""]"
78,merx,"S5884598 - NPP – S5884598 - THS SA – One (1) Special Advisor. Temporary Help Services against the Supply Arrangement for the National Capital Region.","Department of National Defence (DND)",https://www.merx.com/public/supplier/interception/view-notice/22785002050?origin=0,"Temporary Help Services Requirement? This requirement is for: Department of National Defense (DND)?? This requirement is open only to those supply arrangement holders under EN578-172870 who qualified under the following streams and categories: Stream 13.9- Special Advisor The following SA Holders have been invited to submit a proposal: ? Akkodis Canada Inc. Deloitte Inc. Elevated Thinking Inc. ForgeSight Technologies Inc. Intelliscient Inc NATTIQ INC. OLAV CONSULTING CORP., MOSHWA ABORIGINAL INFORMATION TECHNOLOGY CORPORATION, IN JOINT VENTURE Ombre Consulting Services Incorporated RHEA INC. T.I.7 Inc. Versatil BPI Inc. Description of the Requirement:? Department of National Defense (DND) has a requirement for Temporary Help Services and has issued a Request for Proposal to suppliers generated from CPSS who are qualified under the streams and categories listed above.? Level of Security Requirement:? Resource Minimum Security Level Required is: DOS Reliability See more",2026-04-17,2026-05-01,1,"Fit assessed as Low under Guideline #1B because the opportunity involves project management/temporary help services, which is a core service offered by ICE, but there is no explicit Indigenous or engagement focus in the description.","[""Project Management & Technical Support""]"
194,merx,"CVRD-26-012 - RFP - Asset Management Business Analyst and Project Manager","Comox Valley Regional District",https://www.merx.com/public/supplier/interception/view-notice/443963486369?origin=0,"The Comox Valley Regional District (CVRD) is seeking to procure the services of a qualified consultant to provide integrated Business Analysis and Project Management services in support of the implementation of the Cityworks computerized maintenance management system (CMMS) across multiple departments. See more",2026-04-10,2026-05-07,1,"Fit assessed as Low under Guideline #1B because the opportunity involves Business Advisory and Project Management services, which are core services offered by ICE, but the description lacks any Indigenous or community engagement context.","[""Business Advisory Services"", ""Project Management & Technical Support""]"
7,canadabuys,"NPP – S5884598 - THS SA – One (1) Special Advisor. Temporary Help Services against the Supply Arrangement for the National Capital Region.","Department of National Defence (DND)",https://canadabuys.canada.ca/en/tender-opportunities/tender-notice/cb-789-42896011,"Temporary Help Services Requirement​ This requirement is for: Department of National Defense (DND)​​ This requirement is open only to those supply arrangement holders under EN578-172870 who qualified under the following streams and categories: Stream 13.9- Special Advisor The following SA Holders have been invited to submit a proposal: ​ Akkodis Canada Inc. Deloitte Inc. Elevated Thinking Inc. ForgeSight Technologies Inc. Intelliscient Inc NATTIQ INC. OLAV CONSULTING CORP., MOSHWA ABORIGINAL INFORMATION TECHNOLOGY CORPORATION, IN JOINT VENTURE Ombre Consulting Services Incorporated RHEA INC. T.I.7 Inc. Versatil BPI Inc. Description of the Requirement:​ Department of National Defense (DND) has a requirement for Temporary Help Services and has issued a Request for Proposal to suppliers generated from CPSS who are qualified under the streams and categories listed above.​ Level of Security Requirement:​ Resource Minimum Security Level Required is: DOS Reliability",2026-04-17,2026-05-01,1,"Fit assessed as Low under Guideline #1B because the opportunity involves project management/temporary help services, which is a core service of ICE, but there is no explicit Indigenous or engagement focus in the description.","[""Project Management & Technical Support""]"
19,canadabuys,"One (1) Senior Business Consultant (Bilingual) & One (1) Intermediate Business Process Consultant (English essential)","Department of National Defence (DND)",https://canadabuys.canada.ca/en/tender-opportunities/tender-notice/cb-81-1928451,"Independent assessment of existing organizational business planning processes, tools and human resource structures to enable the transition to Integrated Business Planning. As an optional scope of work, the contractor will provide supplemental support to MILPERSCOM as it continues to transition to Integrated Business Planning in follow-on cycles. Amended to extend solicitation closing date on for May 1st 2026 at 2PM ET",2026-04-10,2026-05-01,1,"Fit assessed as Low under Guideline #1B because the opportunity involves business advisory and process consulting services, which align with ICE's Business Advisory Services, but lacks explicit Indigenous or community engagement elements.","[""Business Advisory Services""]"
311,bidsandtenders,"RFPQ-Project Manager Services - Standing Opportunity","Vancouver Island Health Authority",https://islandhealthfdc.bidsandtenders.ca/Module/Tenders/en/Tender/Detail/ca1518ba-7246-4e79-940e-b8fa354dfbca,"The purpose e of this Request for Pre-Qualification is to invite interested parties to submit responses indicating their interests in, and qualifications for, becoming pre-qualified to participate in future procurement opportunities for Project Management services for capital construction projects at Island Health. This opportunity is open to both new firms as well as firms that have experience with Island Health projects.",2023-10-19,2026-10-30,1,"Fit assessed as Low under Guideline #1B because the opportunity is for Project Management services, which is a core service offered by ICE, but the description lacks any Indigenous or community engagement context or high-value Indigenous triggers.","[""Project Management & Technical Support""]"
668,merx,"FAcT TBIPS – Training System Implementation Support Department of National Defence (DND) Canada 18 day(s) left","Department of National Defence (DND)",https://www.merx.com/public/supplier/interception/view-notice/22785002314?origin=0,"NOTICE OF PROPOSED PROCUREMENT (NPP) for TASK BASED INFORMATICS PROFESSIONAL SERVICES (TBIPS) This requirement is for: National Defence This requirement is open only to those TBIPS Supply Arrangement Holders under EN578-170432 who qualified under Tier 1, under the National Capital Region, level of expertise and for the following category(ies): 1. B.3 Business Consultant – Senior 2. B.5 Business Process Re-engineering Consultant – Senior 3. C.1 Strategic Information Technology Security Planning and Protection Consultant – Senior 4. C.3 Information Technology Security TRA and C&A Analyst – Intermediate The requirement is intended to result in the award of one (1) contract. The following SA Holders have been invited to submit a proposal: 1. ADGA Group Consultants Inc. 2. Agile Biztech 3. Altruistic Informatics Consulting Inc. 4. BRYCA Solutions Inc., Server Cloud Canada Inc., 2657319 Canada Inc. in Joint Venture 5. C3SA Cybernetic Security Audit Inc. 6. CGI Information Systems and Management Consultants Inc. 7. Experis Canada Inc. 8. Green PI Inc. 9. iFathom Corporation 10. Maverin Business Services Inc. 11. The Source Staffing Solutions Inc. 12. T.E.S Contract Services Inc. 13. The Halifaz Computer Consulting Group Inc. 14. The Source Staffing Solutions Inc. 15. Thinking Big Information Technology Inc. Description of the Requirement: The Future Aircrew Training (FAcT) Program has issued a Contract to SkyAlyne for the operation of pilot training programs in Moose Jaw, Southport, and Winnipeg. DND has a requirement for a Task Based Informatics Professional Services (TBIPS) Contractor to provide the services of a Senior Business Process Re-Engineering Consultant, a Senior Business Consultant, a Senior Strategic Information Technology Security Planning and Protection Consultant and an Intermediate Information Technology Security TRA and C&A Analyst. SkyAlyne has started the implementation of the FAcT training system. The TBIPS Contractor will support the training system implementation by acting as a liaison between the end-client (DND), the FAcT team, key stakeholders and SkyAlyne. As part of that contract, SkyAlyne is the System Implementor (SI) and during the Pre-Service Delivery phase, has started the Implementation of the FAcT Training System. To support the Implementation work, a TBIPS contract is required to provide the DND with contracted IM/IT Subject Matter Expert (SME) professional services resources to act as liaison between the end-client, the FAcT Team, Key Stakeholders, and the SI. Security: There are security requirements associated with this requirement. Please note that SA Holders do not need to have the required clearance to submit a bid. For additional information, consult Part 6 - Security, Financial and Other Requirements, and Part 7 – Resulting Contract Clauses. For more information on personnel and organization security screening or security clauses, Bidders should refer to the Contract Security Program of Public Works and Government Services Canada (http://www.tpsgc-pwgsc.gc.ca/esc-src/introduction-eng.html) website. Level of Security Requirement: Security Requirement: SRCL # W847A-6000670902 Minimum Corporate Security Required: Secret Minimum Resource Security Required: Secret Document Safeguarding Security Level Required: Not Applicable Estimated Level of Effort: The estimated level of effort of the contract will be for 240 days per year per resource Contracting Authority Information: File Number: W847A-6000670902 Contracting Authority: Ulrich Mercier Kamga Phone Number: 343.576.3558 E-Mail: ulrichmercier.kamga@forces.gc.ca Procurement Authority: Andrew McMillan Phone Number: 343.574.1876 Email Address: andrew.mcmillan@forces.gc.ca Inquiries: Inquiries regarding this Request for Proposal (RFP) requirement must be submitted to the Contracting Authority named above. RFP documents will be e-mailed directly by the Contracting Authority to the Qualified Supply Arrangement Holders who are being invited to bid on this requirement. BIDDERS ARE ADVISED THAT “CANADABUYS.CANADA.CA” ” IS NOT RESPONSIBLE FOR THE DISTRIBUTION OF SOLICITATION DOCUMENTS. The Crown retains the right to negotiate with any supplier on any procurement. Documents may be submitted in either official language. Debriefings: Bidders may request a debriefing on the results of the bid solicitation process. Bidders should make the request to the Contracting Authority within 15 working days from receipt of the results of the bid solicitation process. The debriefing may be in writing, by telephone or in person. NOTE: Task-Based Informatics Professional Services (TBIPS) Method of Supply is refreshed on a quarterly basis. If you wish to find out how you can be a “Qualified SA Holder”, please contact parcnmdai.apncrimos@tpsgc-pwgsc.gc.ca See more",2026-04-22,2026-05-13,1,"Fit assessed as Low under Guideline #1B because the opportunity involves project management and business consulting services related to IT system implementation for the Department of National Defence, which aligns with ICE's Project Management & Technical Support and Business Advisory Services but lacks explicit Indigenous or community engagement elements.","[""Project Management & Technical Support"", ""Business Advisory Services""]"
719,merx,"Investment Attraction Services Canada 32 day(s) left","Destination Canada (DC)",https://www.merx.com/public/supplier/interception/view-notice/22785002161?origin=0,"The purpose of this Request for Supplier Qualification (the “RFSQ”) is to solicit proposals for Investment Attraction services . The RFSQ encompasses four (4) distinct Scopes of Work; please see Statement of Work (Section C) for detailed requirements. • Scope of Work A: Strategy, Advisory, Research, and Program Delivery Support • Scope of Work B: Investment Opportunity Development and Project Structuring • Scope of Work C: Investor Targeting, Marketing, Communications and Engagement • Scope of Work D: Training and Capacity Building Proponents may submit a proposal for one (1) or more Scopes of Work listed in Section C Statement of Work. Submissions can be for a single Scope of Work or for multiple Scopes of Work. See more",2026-04-20,2026-05-27,1,"Fit assessed as Low under Guideline #1B because the opportunity aligns with Business Advisory Services and Capacity Building and Training core services, but lacks explicit Indigenous or engagement keywords and does not clearly focus on Indigenous communities or land impact.","[""Business Advisory Services"", ""Capacity Building and Training""]"
795,canadabuys,"Jobs, Economy, Trade and Immigration - Request for Proposal - 2026 South Self-Employment Services Request for Proposal-includes Calgary, Airdrie, Red Deer, Medicine Hat, and Lethbridge, along with all nearby communities for each of these regions","Jobs, Economy, Trade and Immigration",https://canadabuys.canada.ca/en/tender-opportunities/tender-notice/ab-2026-02383,"A Self‑Employment program can be delivered in person, online through live sessions, or through a mix of both. The program can be up to 26 weeks in total and must cover all major parts of running a business, including: • Instructor‑Led Training: Participants receive training and learning materials on how to start and operate a business, including developing a business plan. • Business Implementation: Participants receive support and mentoring as they begin operating their business. This includes one‑to‑one counselling, coaching, guidance on capital needs, and support during business start‑up. On‑site monitoring is included to help ensure the business plan is put into action successfully. • The combined length of Instructor‑Led Training and Business Implementation must not exceed 26 weeks. • By the end of the program, participants are expected to be operating their business full‑time and be self‑sufficient. • Participants will continue to receive support, guidance, and service management throughout the program and for 90 days after completing it. See the RFP for more details",2026-03-20,2026-04-29,1,"Fit assessed as Low under Guideline #1B because the opportunity aligns with the Business Advisory Services core service, focusing on business start-up and mentoring, but lacks explicit Indigenous or engagement keywords and community impact details.","[""Business Advisory Services""]"
830,canadabuys,"FAcT TBIPS – Training System Implementation Support","Department of National Defence (DND)",https://canadabuys.canada.ca/en/tender-opportunities/tender-notice/cb-289-43172736,"NOTICE OF PROPOSED PROCUREMENT (NPP) for TASK BASED INFORMATICS PROFESSIONAL SERVICES (TBIPS) This requirement is for: National Defence This requirement is open only to those TBIPS Supply Arrangement Holders under EN578-170432 who qualified under Tier 1, under the National Capital Region, level of expertise and for the following category(ies): 1. B.3 Business Consultant – Senior 2. B.5 Business Process Re-engineering Consultant – Senior 3. C.1 Strategic Information Technology Security Planning and Protection Consultant – Senior 4. C.3 Information Technology Security TRA and C&A Analyst – Intermediate The requirement is intended to result in the award of one (1) contract. The following SA Holders have been invited to submit a proposal: 1. ADGA Group Consultants Inc. 2. Agile Biztech 3. Altruistic Informatics Consulting Inc. 4. BRYCA Solutions Inc., Server Cloud Canada Inc., 2657319 Canada Inc. in Joint Venture 5. C3SA Cybernetic Security Audit Inc. 6. CGI Information Systems and Management Consultants Inc. 7. Experis Canada Inc. 8. Green PI Inc. 9. iFathom Corporation 10. Maverin Business Services Inc. 11. The Source Staffing Solutions Inc. 12. T.E.S Contract Services Inc. 13. The Halifaz Computer Consulting Group Inc. 14. The Source Staffing Solutions Inc. 15. Thinking Big Information Technology Inc. Description of the Requirement: The Future Aircrew Training (FAcT) Program has issued a Contract to SkyAlyne for the operation of pilot training programs in Moose Jaw, Southport, and Winnipeg. DND has a requirement for a Task Based Informatics Professional Services (TBIPS) Contractor to provide the services of a Senior Business Process Re-Engineering Consultant, a Senior Business Consultant, a Senior Strategic Information Technology Security Planning and Protection Consultant and an Intermediate Information Technology Security TRA and C&A Analyst. SkyAlyne has started the implementation of the FAcT training system. The TBIPS Contractor will support the training system implementation by acting as a liaison between the end-client (DND), the FAcT team, key stakeholders and SkyAlyne. As part of that contract, SkyAlyne is the System Implementor (SI) and during the Pre-Service Delivery phase, has started the Implementation of the FAcT Training System. To support the Implementation work, a TBIPS contract is required to provide the DND with contracted IM/IT Subject Matter Expert (SME) professional services resources to act as liaison between the end-client, the FAcT Team, Key Stakeholders, and the SI. Security: There are security requirements associated with this requirement. Please note that SA Holders do not need to have the required clearance to submit a bid. For additional information, consult Part 6 - Security, Financial and Other Requirements, and Part 7 – Resulting Contract Clauses. For more information on personnel and organization security screening or security clauses, Bidders should refer to the Contract Security Program of Public Works and Government Services Canada ( http://www.tpsgc-pwgsc.gc.ca/esc-src/introduction-eng.html ) website. Level of Security Requirement: Security Requirement: SRCL # W847A-6000670902 Minimum Corporate Security Required: Secret Minimum Resource Security Required: Secret Document Safeguarding Security Level Required: Not Applicable Estimated Level of Effort: The estimated level of effort of the contract will be for 240 days per year per resource Contracting Authority Information: File Number: W847A-6000670902 Contracting Authority: Ulrich Mercier Kamga Phone Number: 343.576.3558 E-Mail: ulrichmercier.kamga@forces.gc.ca Procurement Authority: Andrew McMillan Phone Number: 343.574.1876 Email Address: andrew.mcmillan@forces.gc.ca Inquiries: Inquiries regarding this Request for Proposal (RFP) requirement must be submitted to the Contracting Authority named above. RFP documents will be e-mailed directly by the Contracting Authority to the Qualified Supply Arrangement Holders who are being invited to bid on this requirement. BIDDERS ARE ADVISED THAT “CANADABUYS.CANADA.CA” ” IS NOT RESPONSIBLE FOR THE DISTRIBUTION OF SOLICITATION DOCUMENTS. The Crown retains the right to negotiate with any supplier on any procurement. Documents may be submitted in either official language. Debriefings: Bidders may request a debriefing on the results of the bid solicitation process. Bidders should make the request to the Contracting Authority within 15 working days from receipt of the results of the bid solicitation process. The debriefing may be in writing, by telephone or in person. NOTE: Task‐Based Informatics Professional Services (TBIPS) Method of Supply is refreshed on a quarterly basis. If you wish to find out how you can be a “Qualified SA Holder”, please contact parcnmdai.apncrimos@tpsgc-pwgsc.gc.ca",2026-04-22,2026-05-13,1,"Fit assessed as Low under Guideline #1B because the opportunity involves project management and business consulting services related to training system implementation for National Defence, which aligns with ICE's Project Management & Technical Support and Business Advisory Services, but lacks explicit Indigenous or community engagement elements.","[""Project Management & Technical Support"", ""Business Advisory Services""]"
864,canadabuys,"TSPS - Change Management Consultant","Department of Fisheries and Oceans (DFO)",https://canadabuys.canada.ca/en/tender-opportunities/tender-notice/cb-576-1731127,"NOTICE OF PROPOSED PROCUREMENT (NPP) for TASK Based Professional Services (TSPS) Requirement This requirement is for: Fisheries and Oceans Canada This requirement is open only to those Supply Arrangement Holders under E60ZT-18TSPS who qualified under Tier 2, under the National Capital Region, level of expertise and for the following category: Up to ten (10) Change Management Consultants (2.6) – Senior Level The requirement is intended to result in the award of one (1) Contract. Businesses holding this procurement arrangement are invited to submit a proposal. Description of the Requirement: Fisheries and Oceans Canada have a requirement for Task and Solutions Professional Services – Task Based (TSPS) under the TSPS Supply Arrangement (SA) method of supply. Security: There are security requirements associated with this requirement. Please note that SA Holders do not need to have the required clearance to submit a bid. For additional information, consult Part 6 - Security, Financial and Other Requirements, and Part 7 – Resulting Contract Clauses. For more information on personnel and organization security screening or security clauses, Bidders should refer to the Contract Security Program of Public Works and Government Services Canada ( http://www.tpsgc-pwgsc.gc.ca/esc-src/introduction-eng.html ) website. Level of Security Requirement: Security Requirement: Common PS SRCL #6 applies Minimum Corporate Security Required: Designated organization screening (DOS) Minimum Resource Security Required: Reliability status Document Safeguarding Security Level Required: N/A Applicable Trade Agreements: The requirement is subject to the provisions of the World Trade Organization Agreement on Government Procurement (WTO-AGP), the Canada-Chile Free Trade Agreement (CCFTA), the Canada-Peru Free Trade Agreement (CPFTA), the Canada-Colombia Free Trade Agreement (CColFTA), the Canada-Panama Free Trade Agreement (CPanFTA), the Canada-Honduras Free-Trade Agreement, the Canada-European Union Comprehensive Economic and Trade Agreement (CETA), the Comprehensive and Progressive Agreement for Trans-Pacific Partnership (CPTPP), the Canadian Free Trade Agreement (CFTA), the Canada-Ukraine Free Trade Agreement (CUFTA), the Agreement on Trade Continuity between Canada and the United Kingdom of Great Britain and Northern Ireland and the Canada-Korea Free Trade Agreement (CKFTA) Proposed period of contract: The proposed period of contract shall be from the Contract award plus two (2) years. Estimated Level of Effort: The estimated level of effort of the contract will be for 230 days per year. File Number: 30007648 Contracting Authority: Manon Paulin Phone Number: 438-468-3247 E-Mail: DFO.Tenders-Soumissions.MPO@dfo-mpo.gc.ca Inquiries: Inquiries regarding this Request for Proposal (RFP) requirement must be submitted to the Contracting Authority named above. RFP documents will be e-mailed directly by the Contracting Authority to the Qualified Supply Arrangement Holders who are being invited to bid on this requirement. BIDDERS ARE ADVISED THAT “CANADABUYS.CANADA.CA” ” IS NOT RESPONSIBLE FOR THE DISTRIBUTION OF SOLICITATION DOCUMENTS. The Crown retains the right to negotiate with any supplier on any procurement. Documents may be submitted in either official language. Debriefings: Bidders may request a debriefing on the results of the bid solicitation process. Bidders should make the request to the Contracting Authority within 15 working days from receipt of the results of the bid solicitation process. The debriefing may be in writing, by telephone or in person. NOTE: The Task and Solutions Professional Services (TSPS) Method of Supply is subject to quarterly refresh cycles. If you wish to find out how you can be a “Qualified SA Holder”, please contact SPTS.TSPS@TPSGC-PWGSC.GC.CA",2026-03-24,2026-04-30,1,"Fit assessed as Low under Guideline #1B because project management and change management fall under Project Management & Technical Support, a core service of ICE, but the description lacks Indigenous or engagement keywords and community impact.","[""Project Management & Technical Support""]"
884,canadabuys,"Investment Attraction Services","Destination Canada (DC)",https://canadabuys.canada.ca/en/tender-opportunities/tender-notice/cb-973-18289857,"The purpose of this Request for Supplier Qualification (the “RFSQ”) is to solicit proposals for Investment Attraction services . The RFSQ encompasses four (4) distinct Scopes of Work; please see Statement of Work (Section C) for detailed requirements. • Scope of Work A: Strategy, Advisory, Research, and Program Delivery Support • Scope of Work B: Investment Opportunity Development and Project Structuring • Scope of Work C: Investor Targeting, Marketing, Communications and Engagement • Scope of Work D: Training and Capacity Building Proponents may submit a proposal for one (1) or more Scopes of Work listed in Section C Statement of Work. Submissions can be for a single Scope of Work or for multiple Scopes of Work.",2026-04-20,2026-05-27,1,"Fit assessed as Low under Guideline #1B because the opportunity aligns with Business Advisory Services and Capacity Building and Training core services, but lacks explicit Indigenous or engagement keywords and community impact in the description.","[""Business Advisory Services"", ""Capacity Building and Training""]"
885,canadabuys,"DRMIS Support Services","Department of National Defence (DND)",https://canadabuys.canada.ca/en/tender-opportunities/tender-notice/cb-736-68816901,"NOTICE OF PROPOSED PROCUREMENT File Number: W8486-260753/A Tier: 1 (< $4.5M) This requirement is for the Department of National Defence (DND) for the services of the following: • Two (2) ERP Functional Analysts (LEMS SME), Level 2 and Two (2) ERP Functional Analysts (LEMS SME), Level 3 under Stream 1: Application Services; and • One (1) Technical Writer, Level 2 and One (1) Helpdesk Specialist, Level 2 under Stream 4: Business Services. The intent of this solicitation is to establish up to six (6) contracts for two (2) year durations with the option to extend the term of the contracts by up to one (1) six-month irrevocable option period under the same conditions. This solicitation is only open to the below list of pre-qualified suppliers under the Task-Based Informatics Professional Service (TBIPS) Supply Arrangement (SA) number EN578-170432. This procurement has been conditionally set aside under the federal government's Procurement Strategy for Indigenous Business (PSIB). To be considered, a business must certify that it qualifies as an Indigenous business as defined under PSIB and that it will comply with all requirements of PSIB. Time Frame of Delivery: As soon as possible. Documents may be submitted in either official language of Canada. RFP documents will be e-mailed directly from the Contracting Authority to the Qualified Supply Arrangement Holders who are being invited to bid on this requirement. Bidders are advised that the RFP documents are not available on the CanadaBuys Tender Management Application ( https://canadabuys.canada.ca ). The TBIPS Method of Supply is a result of a formal competitive process which was established as a result of extensive consultations with industry. The Method of Supply provides suppliers with an on-going opportunity to become prequalified for participation in future bidding opportunities. To obtain more information about how to become a pre-qualified supplier for TBIPS please contact Public Works and Government Services Canada (PWGSC). For general information on the various PWGSC Methods of Supply, or to obtain specific information on a PWGSC professional service method of supply, please visit PWGSC's CanadaBuys Tender Management Application website at: https://canadabuys.canada.ca/en/about-us/news-and-events/transition-can…",2026-04-20,2026-05-05,1,"Fit assessed as Low under Guideline #1B because the opportunity involves project management and business services, which are core services of ICE, but the description lacks any Indigenous or engagement keywords and does not explicitly relate to Indigenous communities or land impact.","[""Project Management & Technical Support"", ""Business Advisory Services""]"
886,canadabuys,"CHANGE MANAGEMENT CONSULTANT STREAM 5 B.1 - LEVEL 3","Department of National Defence (DND)",https://canadabuys.canada.ca/en/tender-opportunities/tender-notice/cb-836-73529116,"This procurement has been set aside under the federal government's Procurement Strategy for Indigenous Business (PSIB). In order to be considered, a business must certify that it qualifies as an Indigenous business as defined under PSIB and that it will comply with all requirements of PSIB. The Contractor must provide a Level 3 Change Management Consultant (Task-Based Informatics Professional Services (TBIPS) Stream 5: P.1) to deliver a strategically robust change management team design that enables DGHCMM-M to achieve its MPMS digital transformation objectives. The Level 3 Change Management Consultant will provide strategic leadership, mentorship, and expert advice to shape the team’s structure, capabilities, and operating model. This includes delivering best practices and hands-on support to design and implement a comprehensive change management framework that enables successful adoption of transformation initiatives under the MPMS digital modernization mandate.",2026-04-20,2026-05-14,1,"Fit assessed as Low under Guideline #1B because the opportunity involves project management and change management services, which align with ICE's Project Management & Technical Support core service, but lacks explicit Indigenous or engagement keywords and community impact.","[""Project Management & Technical Support""]"
